{"train_loss": [0.2601256943837355, 0.16000841938584212, 0.10412500148475663, 0.07148217672909418, 0.05297839144885242], "test_loss": [0.1993766672766181, 0.17859249417308443, 0.184081282142528, 0.17660515229836143, 0.1720423987714092]}